ID	Games	Category	Type	Date	Price	Area	Platform			
wave	Wave	App	Other	2023-05-04	$0.00	Global	Neo 3 Link Onboard,PICO 4 Onboard			
synthriders	Synth Riders	Game	Music | Rhythm	2023-04-27	$24.99	Global	Neo 3 Link Onboard,PICO 4 Onboard			
interkosmos	interkosmos2000	Game	Adventure	2023-04-27	$19.99	Global	Neo 3 Link Onboard,PICO 4 Onboard			
presentimentofdeath	Presentiment of Death	Game	Adventure	2023-04-27	$14.99	Global	Neo 3 Link Onboard,PICO 4 Onboard			
deadsecond	Dead Second	Game	Shooter	2023-04-27	$14.99	Global	Neo 3 Link Onboard,PICO 4 Onboard			
cactuscowboyplantsatwar	Cactus Cowboy - Plants At War	Game	Shooter	2023-04-27	$0.00	Global	Neo 3 Link Onboard,PICO 4 Onboard			
koordcoach	Koord Coach	Game	Fitness	2023-04-27	$0.00	Global	Neo 3 Link Onboard,PICO 4 Onboard			
ghostsignalastellarisgame	Ghost Signal - A Stellaris Game	Game	Action | Fighting	2023-04-25	$19.99	Global	Neo 3 Link Onboard,PICO 4 Onboard			
moss	MOSS 2	Game	Adventure	2023-04-20	$29.99	Global	Neo 3 Link Onboard,PICO 4 Onboard			
captaintoonhead	Captain Toonhead	Game	Shooter	2023-04-20	$19.99	Global	Neo 3 Link Onboard,PICO 4 Onboard			
bookofdistance	Book of Distance	App	Other	2023-04-20	$6.99	Global	Neo 3 Link Onboard,PICO 4 Onboard			
gravitylab	Gravity Lab	App	Puzzle	2023-04-20	$14.99	Global	Neo 3 Link Onboard,PICO 4 Onboard			
futuclass	Futuclass	App	Other	2023-04-20	$0.00	Global	Neo 3 Link Onboard,PICO 4 Onboard			
finalsoccer	Final Soccer	Game	Fitness	2023-04-20	$0.00	Global	Neo 3 Link Onboard,PICO 4 Onboard			
finalsoccerpro	Final Soccer PRO	Game	Fitness	2023-04-20	$9.99	Global	Neo 3 Link Onboard,PICO 4 Onboard			
breachers	Breachers	Game	Shooter	2023-04-13	$29.99	Global	Neo 3 Link Onboard,PICO 4 Onboard			
firstpersontennis	First Person Tennis	Game	Fitness	2023-04-13	$22.99	Global	Neo 3 Link Onboard,PICO 4 Onboard			
battlegroupvr	BattleGroupVR	Game	Shooter	2023-04-13	$24.99	Global	Neo 3 Link Onboard,PICO 4 Onboard			
eternalnotredame	Eternal notre dame	App	Other	2023-04-13	$10.99	Global	Neo 3 Link Onboard,PICO 4 Onboard			
davidslademysteriescasefiles	David Slade Mysteries: Case Files	Game	Puzzle	2023-04-13	$9.99	Global	Neo 3 Link Onboard,PICO 4 Onboard			
wolvic	Wolvic	App	Other	2023-04-13	$0.00	Global	Neo 3 Link Onboard,PICO 4 Onboard			
thetwilightzone	The Twilight Zone	Game	Horror	2023-04-13	$19.99	Global	Neo 3 Link Onboard,PICO 4 Onboard			
realmofdream	Realm of Dream	Game	Puzzle	2023-04-13	$0.00	Global	Neo 3 Link Onboard,PICO 4 Onboard			
fruitninja	Fruit Ninja 2	Game	Puzzle	2023-04-06	$19.99	Global	Neo 3 Link Onboard,PICO 4 Onboard			
suckerpunchvr	Sucker Punch VR	Game	Fitness	2023-04-06	$19.99	Global	Neo 3 Link Onboard,PICO 4 Onboard			
seekermyshadow	Seeker: My Shadow	Game	Adventure	2023-04-06	$16.99	Global	Neo 3 Link Onboard,PICO 4 Onboard			
brisksquare	Brisk Square	Game	Puzzle	2023-04-06	$7.99	Global	Neo 3 Link Onboard,PICO 4 Onboard			
intotheradius	Into the Radius	Game	Shooter	2023-03-30	$29.99	Global	Neo 3 Link Onboard,PICO 4 Onboard			
jurassicworldaftermath	Jurassic World: Aftermath	Game	Adventure	2023-03-30	$29.99	Global	Neo 3 Link Onboard,PICO 4 Onboard			
paranormaldetectiveescapethes	Paranormal Detective: Escape the 80s	Game	Puzzle	2023-03-30	$9.99	Global	Neo 3 Link Onboard,PICO 4 Onboard			
humananatomyvr	Human Anatomy VR	App	Other	2023-03-30	$29.99	Global	Neo 3 Link Onboard,PICO 4 Onboard			
smashwallsrogueball	Smash Walls: RogueBall	Game	Fitness	2023-03-30	$4.99	Global	PICO 4 Onboard			
paranormaldetectiveescapethes	Paranormal Detective: Escape the 90s	Game	Puzzle	2023-03-30	$11.99	Global	Neo 3 Link Onboard,PICO 4 Onboard			
fitxr	FitXR	Game	Fitness	2023-03-25	$0.00	Global	Neo 3 Link Onboard,PICO 4 Onboard			
gardenofthesea	Garden of the Sea	Game	Puzzle	2023-03-23	$22.99	Global	Neo 3 Link Onboard,PICO 4 Onboard			
vrfitnessone	VR Fitness One	Game	Fitness	2023-03-23	$29.99	Global	Neo 3 Link Onboard,PICO 4 Onboard			
gladius	Gladius	Game	Puzzle	2023-03-23	$14.99	Global	Neo 3 Link Onboard,PICO 4 Onboard			
spaceguardian	Space Guardian	Game	Shooter	2023-03-23	$9.99	Global	Neo 3 Link Onboard,PICO 4 Onboard			
puttzzle	puttzzle	Game	Fitness	2023-03-23	$2.99	Global	Neo 3 Link Onboard,PICO 4 Onboard			
realmsports	realm Sports	Game	Puzzle	2023-03-23	$2.99	Global	Neo 3 Link Onboard,PICO 4 Onboard			
atownshiptale	A township tale	Game	RPG	2023-03-16	$9.99	Global	Neo 3 Link Onboard,PICO 4 Onboard			
mutrix	Mutrix	Game	Music | Rhythm	2023-03-16	$0.00	Global	Neo 3 Link Onboard,PICO 4 Onboard			
dropdeadthecabins	Drop Dead the cabins	Game	Shooter	2023-03-16	$24.99	Global	PICO 4 Onboard			
vermillion	Vermillion	Game	Puzzle	2023-03-16	$19.99	Global	Neo 3 Link Onboard,PICO 4 Onboard			
immersed	Immersed	App	Other	2023-03-16	$0.00	Global	Neo 3 Link Onboard,PICO 4 Onboard			
extinctionzoo	ExtinctionZoo	Game	Puzzle	2023-03-16	$9.99	Global	Neo 3 Link Onboard,PICO 4 Onboard			
ironguard	Iron Guard	Game	Shooter	2023-03-16	$14.99	Global	Neo 3 Link Onboard,PICO 4 Onboard			
arthur	Arthur	App	Other	2023-03-16	$0.00	Global	Neo 3 Link Onboard,PICO 4 Onboard			
peakyblinderstheking’sransom	Peaky Blinders: The King’s Ransom	Game	Adventure | RPG	2023-03-09	$29.99	No Korea	Neo 3 Link Onboard,PICO 4 Onboard			
galacticcatch	Galactic Catch	Game	Puzzle	2023-03-09	$14.99	Global	Neo 3 Link Onboard,PICO 4 Onboard			
tarzanvr	Tarzan VR™	Game	Action | Fighting	2023-03-09	$9.99	Global	Neo 3 Link Onboard,PICO 4 Onboard			
shadowgatevrtheminesofmythrok	Shadowgate VR: The Mines of Mythrok	Game	Action | Fighting	2023-03-09	$24.99	Global	Neo 3 Link Onboard,PICO 4 Onboard			
shocktroops	Shock Troops	Game	Shooter	2023-03-09	$9.99	Global	Neo 3 Link Onboard,PICO 4 Onboard			
omegapilot	Omega Pilot	Game	Simulation	2023-03-09	$14.99	Global	Neo 3 Link Onboard,PICO 4 Onboard			
goneman	Gone Man	Game	Adventure	2023-03-03	$9.99	Global	Neo 3 Link Onboard,PICO 4 Onboard			
groovefitisland	Groove Fit island	Game	Fitness	2023-03-02	$11.99	Global	Neo 3 Link Onboard,PICO 4 Onboard			
thesecretpyramid	The secret pyramid	Game	Action | Fighting	2023-03-02	$5.99	Global	Neo 3 Link Onboard,PICO 4 Onboard			
omission	Omission	App	Other	2023-03-02	$0.00	Global	Neo 3 Link Onboard,PICO 4 Onboard			
moss	Moss	Game	Adventure	2023-02-23	$19.99	Global	Neo 3 Link Onboard,PICO 4 Onboard			
wraiththeoblivionafterlife	Wraith: The Oblivion-afterlife	Game	Adventure	2023-02-23	$19.99	Global	Neo 3 Link Onboard,PICO 4 Onboard			
eternalstarlight	Eternal Starlight	Game	Shooter	2023-02-23	$19.99	Global	Neo 3 Link Onboard,PICO 4 Onboard			
tranzientlite	Tranzient Lite	App	Other	2023-02-16	$0.00	Global	Neo 3 Link Onboard,PICO 4 Onboard			
arrowheadmedievalarcheryvr	Arrowhead - Medieval Archery VR	Game	Shooter	2023-02-16	$9.99	Global	Neo 3 Link Onboard,PICO 4 Onboard			
leagueoftabletopgames	League of Tabletop Games	Game	Puzzle	2023-02-16	$12.99	Global	Neo 3 Link Onboard,PICO 4 Onboard			
cleansheet	Cleansheet	Game	Fitness	2023-02-16	$10.99	Global	Neo 3 Link Onboard,PICO 4 Onboard			
gunworldvr	Gun World VR	Game	Shooter	2023-02-16	$15.99	Global	Neo 3 Link Onboard,PICO 4 Onboard			
unbinary	Unbinary	Game	Other	2023-02-09	$14.99	Global	Neo 3 Link Onboard,PICO 4 Onboard			
气球总动员	气球总动员	Game	Puzzle	2023-02-09	$4.99	Global	Neo 3 Link Onboard,PICO 4 Onboard			
learnlithography	Learn lithography	App	Other	2023-02-09	$0.00	Global	Neo 3 Link Onboard,PICO 4 Onboard			
blaston	Blaston	Game	Shooter | Action | Fighting	2023-02-02	$0.00	Global	Neo 3 Link Onboard,PICO 4 Onboard			
madamepirate	Madame Pirate	App	Other	2023-02-02	$0.00	Global	Neo 3 Link Onboard,PICO 4 Onboard			
cybrix	Cybrix	Game	Fitness	2023-02-02	$9.99	Global	PICO 4 Onboard			
enhancevr	Enhance VR	App	Other	2023-02-02	$0.00	Global	Neo 3 Link Onboard,PICO 4 Onboard			
kungfubeat	KungFu Beat	Game	Music | Rhythm | Action | Fighting	2023-02-02	$9.99	Global	Neo 3 Link Onboard,PICO 4 Onboard			
powerpunch	Power Punch	Game	Action | Fighting	2023-02-02	$12.99	Global	Neo 3 Link Onboard,PICO 4 Onboard			
deovr	DeoVR	App	Other	2023-01-26	$0.00	Global	Neo 3 Link Onboard,PICO 4 Onboard			
theroomvradarkmatter	The Room VR: A Dark Matter	Game	Adventure	2023-01-19	$29.99	Global	Neo 3 Link Onboard,PICO 4 Onboard			
primalhunt	Primal Hunt	Game	Shooter	2023-01-19	$29.99	Global	Neo 3 Link Onboard,PICO 4 Onboard			
waveyourbladeindance	Wave Your Blade In Dance	Game	Music | Rhythm	2023-01-19	$2.99	Global	Neo 3 Link Onboard,PICO 4 Onboard			
vaultofstar	Vault of star	Game	Puzzle	2023-01-19	$9.99	Global	PICO 4 Onboard			
attackonkingreloaded	Attack on King: Reloaded	Game	Shooter	2023-01-19	$9.99	Global	Neo 3 Link Onboard,PICO 4 Onboard			
cavedigger	cave digger2	Game	Puzzle	2023-01-12	$24.99	Global	Neo 3 Link Onboard,PICO 4 Onboard			
backtomidway	1976 back to midway	Game	Shooter	2023-01-12	$11.99	Global	Neo 3 Link Onboard,PICO 4 Onboard			
backtomidwaydemo	1976 back to midway demo	Game	Shooter	2023-01-12	$0.00	Global	Neo 3 Link Onboard,PICO 4 Onboard			
thecalvinharrisexperienc	The Calvin Harris Experienc	App	Other	2023-01-09	$0.00	Global	Neo 3 Link Onboard,PICO 4 Onboard			
ultrawings	Ultra Wings 2	Game	Shooter	2023-01-05	$24.99	Global	Neo 3 Link Onboard,PICO 4 Onboard			
tankhunter	Tank Hunter	Game	Shooter	2023-01-05	$9.99	Global	Neo 3 Link Onboard,PICO 4 Onboard			
magicpuzzledragonsworddemo	Magic Puzzle: Dragon & Sword Demo	Game	Puzzle	2023-01-05	$0.99	Global	Neo 3 Link Onboard,PICO 4 Onboard			
mathworldvr	Math World VR	Game	Puzzle	2023-01-05	$9.99	Global	Neo 3 Link Onboard,PICO 4 Onboard			
blinky	Blinky	App	Other	2023-01-03	$0.00	Only Japan	Neo 3 Link Onboard,PICO 4 Onboard			
totallybaseball	Totally Baseball	Game	Fitness	2022-12-29	$14.99	Global	Neo 3 Link Onboard,PICO 4 Onboard			
wander	Wander	Game	Other	2022-12-29	$9.99	Global	Neo 3 Link Onboard,PICO 4 Onboard			
golfeclub	Golf 5 eClub	Game	Fitness	2022-12-29	$19.99	Global	PICO 4 Onboard			
chessmultiversejourney	Chess: Multiverse Journey	Game	Puzzle	2022-12-29	$0.00	Global	Neo 3 Link Onboard,PICO 4 Onboard			
fadinglightantiworld	Fading Light: Antiworld	Game	Adventure	2022-12-29	$5.99	Global	Neo 3 Link Onboard,PICO 4 Onboard			
gloryguardvr	Glory Guard VR	Game	Action | Fighting	2022-12-29	$2.99	Global	Neo 3 Link Onboard,PICO 4 Onboard			
towerdefender	tower defender	Game	Puzzle	2022-12-29	$9.99	Global	Neo 3 Link Onboard,PICO 4 Onboard			
petsvr	Pets VR	Game	Puzzle	2022-12-27	$4.99	Global	Neo 3 Link Onboard,PICO 4 Onboard			
thewalkingdeadsschapterretribution	The Walking Dead: S&S - Chapter 2: Retribution	Game	Action | Adventure | Horror	2022-12-23	$39.99	Global	Neo 3 Link Onboard,PICO 4 Onboard			
colorconnect	Color Connect	Game	Puzzle	2022-12-23	$9.99	Global	Neo 3 Link Onboard,PICO 4 Onboard			
cookingsimulator	Cooking Simulator	Game	Simulation	2022-12-22	$24.99	Global	Neo 3 Link Onboard,PICO 4 Onboard			
tilltomorrow	Till tomorrow	Game	Puzzle	2022-12-22	$9.99	Global	Neo 3 Link Onboard,PICO 4 Onboard			
luckyfishbread	Lucky Fish Bread	Game	Puzzle	2022-12-22	$11.99	Global	Neo 3 Link Onboard,PICO 4 Onboard			
pistolwhip	Pistol Whip	Game	Shooter	2022-12-15	$29.99	Global	Neo 3 Link Onboard,PICO 4 Onboard			
survivalnation	Survival Nation	Game	Shooter	2022-12-15	$29.99	Global	Neo 3 Link Onboard,PICO 4 Onboard			
pioneerendlessjourney	Pioneer: Endless Journey	Game	Shooter	2022-12-15	$0.00	Global	Neo 3 Link Onboard,PICO 4 Onboard			
ancientdungeon	Ancient Dungeon	Game	Adventure	2022-12-09	$19.99	Global	Neo 3 Link Onboard,PICO 4 Onboard			
redmatter	Red Matter 2	Game	Adventure	2022-12-08	$29.99	Global	Neo 3 Link Onboard,PICO 4 Onboard			
beersandboomerangs	Beers and Boomerangs	Game	Puzzle	2022-12-08	$19.99	Global	Neo 3 Link Onboard,PICO 4 Onboard			
peakyblindersdemo	Peaky Blinders Demo	Game	Adventure	2022-12-01	$0.00	Global,No Korea	Neo 3 Link Onboard,PICO 4 Onboard			
squingle	Squingle	Game	Puzzle	2022-12-01	$14.99	Global	Neo 3 Link Onboard,PICO 4 Onboard			
gunraiders	Gun Raiders	Game	Shooter	2022-11-25	$0.00	Global	Neo 3 Link Onboard,PICO 4 Onboard			
creedrisetoglory	Creed: Rise to Glory™	Game	Action | Fighting	2022-11-25	$29.99	Global	Neo 3 Link Onboard,PICO 4 Onboard			
littlecities	Little Cities	Game	Simulation	2022-11-24	$19.99	Global	Neo 3 Link Onboard,PICO 4 Onboard			
thefight	The Fight	Game	Action | Fighting	2022-11-24	$4.99	Global	Neo 3 Link Onboard,PICO 4 Onboard			
beatblaster	Beat Blaster	Game	Music | Rhythm | Sports | Fitness	2022-11-17	$9.99	Global	Neo 3 Link Onboard,PICO 4 Onboard			
nock	Nock	Game	Fitness	2022-11-17	$9.99	Global	Neo 3 Link Onboard,PICO 4 Onboard			
dropdead	Drop Dead	Game	Shooter	2022-11-17	$14.99	Global	Neo 3 Link Onboard,PICO 4 Onboard			
sairentovruntethered	Sairento VR: Untethered	Game	Shooter	2022-11-17	$19.99	Global	Neo 3 Link Onboard,PICO 4 Onboard			
legendaryhuntervr	Legendary Hunter VR	Game	Simulation	2022-11-17	$0.00	Global	Neo 3 Link Onboard,PICO 4 Onboard			
thepatcher	The Patcher	Game	Action | Fighting	2022-11-10	$24.99	Global	Neo 3 Link Onboard,PICO 4 Onboard			
millennialfemaleghost	Millennial Female Ghost	Game	Horror	2022-11-10	$6.99	Global	Neo 3 Link Onboard,PICO 4 Onboard			
omissionmeeting	Omission Meeting	App	Other	2022-11-10	$0.00	Global	Neo 3 Link Onboard,PICO 4 Onboard			
spacefitness	Space Fitness	Game	Fitness	2022-11-10	$5.00	Global	Neo 3 Link Onboard,PICO 4 Onboard			
outlaws	Outlaws	Game	RPG	2022-11-10	$4.99	Global	Neo 3 Link Onboard,PICO 4 Onboard			
cuberiddle	cube riddle	Game	Puzzle	2022-11-09	$0.00	Global	Neo 3 Link Onboard,PICO 4 Onboard			
crimecracker	CRIME CRACKER	Game	Shooter	2022-11-08	$4.99	Global	Neo 3 Link Onboard,PICO 4 Onboard			
styly	STYLY	App	Other	2022-11-07	$0.00	Global	Neo 3 Link Onboard,PICO 4 Onboard			
operationwarcadedemo	Operation Warcade demo	Game	Shooter	2022-11-03	$0.00	Global	Neo 3 Link Onboard,PICO 4 Onboard			
warhammerbattlesister	Warhammer 40,000: Battle Sister	Game	Shooter	2022-10-27	$19.99	Global	Neo 3 Link Onboard,PICO 4 Onboard			
blastbeat	Blast Beat	Game	Fitness	2022-10-27	$19.99	Global	Neo 3 Link Onboard,PICO 4 Onboard			
spacefolkcity	Spacefolk City	Game	Puzzle	2022-10-27	$19.99	Global	Neo 3 Link Onboard,PICO 4 Onboard			
masterbuilder	MasterBuilder	Game	Puzzle	2022-10-27	$13.99	Global	PICO 4 Onboard			
starshaman	Star Shaman	Game	RPG	2022-10-27	$9.99	Global	Neo 3 Link Onboard,PICO 4 Onboard			
madridnoir	Madrid Noir	App	Other	2022-10-27	$0.00	Global	Neo 3 Link Onboard,PICO 4 Onboard			
privateproperty	Private Property	Game	Shooter	2022-10-25	$12.99	Global	Neo 3 Link Onboard,PICO 4 Onboard			
thetaleofonogoro	The Tale of Onogoro	Game	RPG	2022-10-20	$29.99	Global	Neo 3 Link Onboard,PICO 4 Onboard			
rush	Rush	Game	Racing	2022-10-20	$19.99	Global	Neo 3 Link Onboard,PICO 4 Onboard			
magecosmos	MageCosmos	Game	Social	2022-10-20	$0.00	Global	Neo 3 Link Onboard,PICO 4 Onboard			
escapelegacyvr	Escape Legacy VR	Game	Horror	2022-10-20	$2.99	Global	Neo 3 Link Onboard,PICO 4 Onboard			
lostinabyss	Lost in Abyss	Game	Horror	2022-10-13	$6.00	Global	Neo 3 Link Onboard,PICO 4 Onboard			
virtualdesktop	Virtual Desktop	App	Other	2022-10-13	$19.99	Global	Neo 3 Link Onboard,PICO 4 Onboard			
littlemonstersuperparty（korean）	Little Monster: Super Party（Korean）	Game	Social	2022-10-13	$0.00	Only Korea	Neo 3 Link Onboard,PICO 4 Onboard			
rezzilplayer	Rezzil Player	Game	Fitness	2022-10-13	$14.99	Global	Neo 3 Link Onboard,PICO 4 Onboard			
goliathplayingwithreality	Goliath: Playing with Reality	Game	Other	2022-10-13	$0.00	Global	Neo 3 Link Onboard,PICO 4 Onboard			
spacepiratetrainer	Space Pirate Trainer	Game	Shooter	2022-10-06	$19.99	Global	Neo 3 Link Onboard,PICO 4 Onboard			
townscaper	Townscaper	Game	Puzzle	2022-10-06	$9.99	Global	Neo 3 Link Onboard,PICO 4 Onboard			
ruinsmagus	Ruins Magus	Game	Adventure	2022-10-06	$34.99	Global	Neo 3 Link Onboard,PICO 4 Onboard			
gorn	Gorn	Game	Action | Fighting	2022-10-06	$19.99	Global	Neo 3 Link Onboard,PICO 4 Onboard			
drumsrock	Drums Rock	Game	Music | Rhythm	2022-10-06	$19.99	Global	Neo 3 Link Onboard,PICO 4 Onboard			
fruitninja	Fruit Ninja	Game	Puzzle	2022-10-06	$14.99	Global	PICO 4 Onboard			
mdvrfootballunleashedallstar	2MD: VR Football Unleashed ALL-STAR	Game	Fitness	2022-09-29	$14.99	Global	Neo 3 Link Onboard,PICO 4 Onboard			
aeryajourneybeyondtimevr	Aery - A Journey Beyond Time VR	Game	Puzzle	2022-09-29	$5.99	Global	Neo 3 Link Onboard,PICO 4 Onboard			
aerybrokenmemories	Aery - Broken Memories	Game	Puzzle	2022-09-29	$5.99	Global	Neo 3 Link Onboard,PICO 4 Onboard			
aerycalmmindvr	Aery - Calm Mind VR	Game	Puzzle	2022-09-29	$5.99	Global	Neo 3 Link Onboard,PICO 4 Onboard			
aerydreamscape	Aery - Dreamscape	Game	Puzzle	2022-09-29	$5.99	Global	Neo 3 Link Onboard,PICO 4 Onboard			
doctorwhotheedgeoftime	Doctor Who: The Edge of Time	Game	Adventure	2022-09-29	$18.99	Global	Neo 3 Link Onboard,PICO 4 Onboard			
realmsofeternity	Realms of Eternity	Game	Action | Fighting	2022-09-29	$9.99	Global	Neo 3 Link Onboard,PICO 4 Onboard			
immortallegacythejadecipher	Immortal Legacy: The Jade Cipher	Game	Adventure	2022-09-29	$9.99	Global	Neo 3 Link Onboard,PICO 4 Onboard			
reflection	Reflection	Game	Adventure	2022-09-29	$9.99	Global	Neo 3 Link Onboard,PICO 4 Onboard			
lesmillsbodycombat	Les Mills Bodycombat	Game	Fitness	2022-09-29	$29.99	Global	Neo 3 Link Onboard,PICO 4 Onboard			
greenhellvr	Green Hell VR	Game	Adventure	2022-09-27	$29.99	Global	Neo 3 Link Onboard,PICO 4 Onboard			
espire	Espire 1	Game	Shooter | Sci-Fi | Action	2022-09-27	$29.99	Global	Neo 3 Link Onboard,PICO 4 Onboard			
realvrfishing	Real VR Fishing	Game	Simulation	2022-09-27	$19.99	Global	Neo 3 Link Onboard,PICO 4 Onboard			
allinonesummersportsvr	All-In-One Summer Sports VR	Game	Fitness	2022-09-27	$14.99	Global	Neo 3 Link Onboard,PICO 4 Onboard			
bladesorcerynomad	Blade & Sorcery: Nomad	Game	Adventure	2022-09-27	$19.99	Global	Neo 3 Link Onboard,PICO 4 Onboard			
shoresofloci	Shores of Loci	Game	Puzzle	2022-09-27	$14.99	Global	Neo 3 Link Onboard,PICO 4 Onboard			
recroom	Rec Room	Game	Social	2022-09-27	$0.00	Global	Neo 3 Link Onboard,PICO 4 Onboard			
alvovr	Alvo VR	Game	Shooter	2022-09-22	$14.99	Global	Neo 3 Link Onboard,PICO 4 Onboard			
minimotorracingx	Mini Motor Racing X	Game	Racing	2022-09-22	$14.99	Global	Neo 3 Link Onboard,PICO 4 Onboard			
virtuoso	Virtuoso	App	Other	2022-09-22	$14.99	Global	Neo 3 Link Onboard,PICO 4 Onboard			
aeryvrlittlebirdadventure	Aery VR - Little Bird Adventure	Game	Puzzle	2022-09-22	$5.99	Global	Neo 3 Link Onboard,PICO 4 Onboard			
ultimechs	Ultimechs	Game	Fitness	2022-09-16	$0.00	Global	Neo 3 Link Onboard,PICO 4 Onboard			
tentacular	Tentacular	Game	Puzzle | Adventure	2022-09-15	$24.99	Global	Neo 3 Link Onboard,PICO 4 Onboard			
spheres	Spheres	App	Other	2022-09-15	$0.00	Global	Neo 3 Link Onboard,PICO 4 Onboard			
hangmanathome	Hangman at Home	App	Other	2022-09-15	$0.00	Global	Neo 3 Link Onboard,PICO 4 Onboard			
jellyfish	Jellyfish	App	Other	2022-09-15	$0.00	Global	Neo 3 Link Onboard,PICO 4 Onboard			
paperbirds	Paper Birds	App	Other	2022-09-15	$0.00	Global	Neo 3 Link Onboard,PICO 4 Onboard			
dancehimerhythmicelimination	Dance Hime: Rhythmic elimination	Game	Puzzle	2022-09-15	$14.99	Global	Neo 3 Link Onboard,PICO 4 Onboard			
affectedthemanorcompleteedition	AFFECTED: The Manor - Complete Edition	Game	Adventure	2022-09-08	$9.99	Global	Neo 3 Link Onboard,PICO 4 Onboard			
tokyochronos	TOKYO CHRONOS	Game	Adventure	2022-09-08	$29.99	Global	Neo 3 Link Onboard,PICO 4 Onboard			
knockoutleague	Knockout League	Game	Fitness | Action | Fighting	2022-09-08	$19.99	Global	Neo 3 Link Onboard,PICO 4 Onboard			
contractorsvr	ContractorsVR	Game	Shooter	2022-09-01	$19.99	Global	Neo 3 Link Onboard,PICO 4 Onboard			
richiesplankexperience	Richie's Plank Experience	Game	Puzzle | Simulation	2022-08-25	$14.99	Global	Neo 3 Link Onboard,PICO 4 Onboard			
vspeedway	V-Speedway	Game	Racing	2022-08-25	$0.00	Global	Neo 3 Link Onboard,PICO 4 Onboard			
crazyworldvr	Crazy World VR	Game	Sports | Fitness | Social | Interaction	2022-08-25	$19.99	Global	Neo 3 Link Onboard,PICO 4 Onboard			
citiesvr	Cities: VR	App	Simulation	2022-08-18	$29.99	Global	Neo 3 Link Onboard,PICO 4 Onboard			
songinthesmoke	Song in the Smoke	Game	Adventure | RPG	2022-08-18	$29.99	Global	Neo 3 Link Onboard,PICO 4 Onboard			
archeryland	Archery Land	Game	Fitness | Shooter	2022-08-18	$4.99	Global	Neo 3 Link Onboard,PICO 4 Onboard			
rainbowreactorfusion	Rainbow Reactor: Fusion	Game	Puzzle	2022-08-18	$11.99	Global	Neo 3 Link Onboard,PICO 4 Onboard			
picovideo	Pico Video	App	Other	2022-07-15	$0.00	Germany, France, Spain, Netherlands, Japan, Korea, Malaysia, Singapore	Neo 3 Link Onboard,PICO 4 Onboard			
solarblack	SolarBlack	Game	Music | Rhythm | Sports | Fitness	2022-07-14	$19.99	Global	Neo 3 Link Onboard,PICO 4 Onboard			
arkade	ARK-ADE	Game	Shooter	2022-07-11	$9.99	Global	Neo 3 Link Onboard,PICO 4 Onboard			
gunclubvr	Gun Club VR	Game	Shooter | Simulation	2022-07-07	$19.99	Global	Neo 3 Link Onboard,PICO 4 Onboard			
wandsalliances	Wands Alliances	Game	RPG	2022-07-02	$19.99	Global	Neo 3 Link Onboard,PICO 4 Onboard			
pierheadarcademobile	Pierhead Arcade 2 Mobile	Game	Social | Puzzle	2022-06-30	$14.99	Global	Neo 3 Link Onboard,PICO 4 Onboard			
boombox	BoomBox	Game	Music | Rhythm	2022-06-30	$19.99	Global	Neo 3 Link Onboard,PICO 4 Onboard			
operationserpens	OPERATION SERPENS	Game	Shooter	2022-06-24	$7.99	Global	Neo 3 Link Onboard,PICO 4 Onboard			
virtualfightingchampionship	Virtual Fighting Championship	Game	Action | Fighting	2022-06-24	$19.99	Global	Neo 3 Link Onboard,PICO 4 Onboard			
downtherabbithole	Down the Rabbit Hole	Game	Adventure | RPG	2022-06-24	$19.99	Global	Neo 3 Link Onboard,PICO 4 Onboard			
arithmaze	Arithmaze	Game	Puzzle	2022-06-21	$6.00	Global	Neo 3 Link Onboard,PICO 4 Onboard			
audiotrip	Audio Trip	Game	Music | Rhythm	2022-06-20	$19.99	Global	Neo 3 Link Onboard,PICO 4 Onboard			
lastlabyrinth	Last Labyrinth	Game	Adventure | RPG	2022-06-20	$29.99	Global	Neo 3 Link Onboard,PICO 4 Onboard			
clashofchefsvr	Clash of Chefs VR	Game	Social | Puzzle | Simulation	2022-06-16	$9.99	Global	Neo 3 Link Onboard,PICO 4 Onboard			
warplanesbattlesoverpacific	Warplanes: Battles over Pacific	Game	Shooter	2022-06-16	$19.99	Global	Neo 3 Link Onboard,PICO 4 Onboard			
against	AGAINST	Game	Fitness	2022-06-16	$19.99	Global	Neo 3 Link Onboard,PICO 4 Onboard			
walkaboutminigolfvr	Walkabout Mini Golf VR	Game	Sports | Fitness | Simulation	2022-06-15	$14.99	Global	Neo 3 Link Onboard,PICO 4 Onboard			
ohshapefullversion	OhShape Full Version	Game	Fitness	2022-06-15	$19.99	Global	Neo 3 Link Onboard,PICO 4 Onboard			
smashdrums	Smash Drums	Game	Music | Rhythm | Sports | Fitness	2022-06-13	$14.99	Global	Neo 3 Link Onboard,PICO 4 Onboard			
stride	STRIDE	Game	Fitness | Racing	2022-06-09	$14.99	Global	Neo 3 Link Onboard,PICO 4 Onboard			
ansharhyperdrive	Anshar 2: Hyperdrive	Game	Shooter	2022-06-09	$19.99	Global	Neo 3 Link Onboard,PICO 4 Onboard			
vrtourviewer	VR Tourviewer	App	Other	2022-06-06	$0.00	Global	Neo 3 Link Onboard,PICO 4 Onboard			
solasvr	Solas Vr	App	Other	2022-06-06	$0.00	Global	Neo 3 Link Onboard,PICO 4 Onboard			
epicrollercoastersvr	Epic Roller Coasters VR	Game	Simulation	2022-05-24	$14.99	Global	Neo 3 Link Onboard,PICO 4 Onboard			
hitstreamdemo	Hitstream Demo	Game	Fitness	2022-05-24	$0.00	Global	Neo 3 Link Onboard,PICO 4 Onboard			
voiceroomdemo	VoiceRoom Demo	Game	Adventure	2022-05-24	$0.00	No Korea	Neo 3 Link Onboard,PICO 4 Onboard			
chimerareader	Chimera Reader	App	Other	2022-05-24	$0.00	Global	Neo 3 Link Onboard,PICO 4 Onboard			
gravitysketch	Gravity sketch	App	Other	2022-05-24	$0.00	Global	Neo 3 Link Onboard,PICO 4 Onboard			
virtualspeech	virtualspeech	App	Other	2022-05-24	$0.00	Global	Neo 3 Link Onboard,PICO 4 Onboard			
artpulse	ArtPulse	Game	Puzzle	2022-05-24	$2.99	Global	Neo 3 Link Onboard,PICO 4 Onboard			
therabbitholeneo	The Rabbit Hole - Neo 2	Game	Adventure	2022-05-24	$2.99	Global	Neo 3 Link Onboard,PICO 4 Onboard			
apocalypseriderdof	Apocalypse Rider - 6Dof	Game	Fitness | Racing	2022-05-24	$3.99	Global	Neo 3 Link Onboard,PICO 4 Onboard			
youcalligrapher	You, Calligrapher	App	Puzzle | Simulation	2022-05-24	$4.64	No Korea,No Japan	Neo 3 Link Onboard,PICO 4 Onboard			
ricoshooterneo	RicoShooter - Neo2	Game	Shooter	2022-05-24	$4.99	Global	Neo 3 Link Onboard,PICO 4 Onboard			
battlescarpunkwasinventedbygirls	BATTLESCAR - Punk was invented by girls	App	Other	2022-05-24	$4.99	No Korea	Neo 3 Link Onboard,PICO 4 Onboard			
bait	Bait !	Game	Puzzle	2022-05-24	$5.99	Global	Neo 3 Link Onboard,PICO 4 Onboard			
crisisvrigade	Crisis VRigade	Game	Shooter	2022-05-24	$5.99	Global	Neo 3 Link Onboard,PICO 4 Onboard			
bulletroulette	Bullet Roulette	Game	Puzzle	2022-05-24	$6.99	No Korea	Neo 3 Link Onboard,PICO 4 Onboard			
polystarvr	Poly Star VR	Game	Puzzle	2022-05-24	$6.99	Global	Neo 3 Link Onboard,PICO 4 Onboard			
thecurioustaleofthestolenpets	The Curious Tale of the Stolen Pets	Game	Puzzle	2022-05-24	$7.00	Global	Neo 3 Link Onboard,PICO 4 Onboard			
thesilentdoll	The Silent Doll	Game	Adventure	2022-05-24	$7.42	No Korea,No Germany	Neo 3 Link Onboard,PICO 4 Onboard			
wonderglade	Wonderglade	Game	Puzzle	2022-05-24	$7.99	Global	Neo 3 Link Onboard,PICO 4 Onboard			
dancecollider	Dance Collider	Game	Music | Rhythm | Sports | Fitness	2022-05-24	$8.99	Global	Neo 3 Link Onboard,PICO 4 Onboard			
cavedigger	Cave Digger	Game	Puzzle	2022-05-24	$19.99	Global	Neo 3 Link Onboard,PICO 4 Onboard			
sepsdiner	Sep's Diner	Game	Puzzle | Simulation	2022-05-24	$8.99	Global	Neo 3 Link Onboard,PICO 4 Onboard			
partypumper	Party Pumper	Game	Music | Rhythm | Simulation	2022-05-24	$8.99	Global	Neo 3 Link Onboard,PICO 4 Onboard			
escapefromdungeonvr	Escape from Dungeon VR	Game	Shooter	2022-05-24	$8.99	No Korea,No Germany,No Japan	Neo 3 Link Onboard,PICO 4 Onboard			
songbeaterquitemytempo	Song Beater: Quite My Tempo!	Game	Music | Rhythm | Sports | Fitness	2022-05-24	$9.49	Global	Neo 3 Link Onboard,PICO 4 Onboard			
crazykungfu	Crazy Kung Fu	Game	Action | Fighting	2022-05-24	$9.99	Global	Neo 3 Link Onboard,PICO 4 Onboard			
reikosfragments	Reiko's Fragments	Game	Adventure	2022-05-24	$9.99	Global	Neo 3 Link Onboard,PICO 4 Onboard			
tsurothegameofthepath	Tsuro - The Game of The Path	Game	Puzzle	2022-05-24	$9.99	Global	Neo 3 Link Onboard,PICO 4 Onboard			
shootyskiesoverdrive	Shooty Skies Overdrive	Game	Puzzle	2022-05-24	$9.99	No Korea	Neo 3 Link Onboard,PICO 4 Onboard			
naturetreks	Nature Treks	Game	Puzzle	2022-05-24	$9.99	Global	Neo 3 Link Onboard,PICO 4 Onboard			
flyingherovr	Flying Hero VR	Game	Puzzle | Racing	2022-05-24	$9.99	Global	Neo 3 Link Onboard,PICO 4 Onboard			
rocketskatesvr	Rocket Skates VR	Game	Fitness | Racing	2022-05-24	$9.99	Global	Neo 3 Link Onboard,PICO 4 Onboard			
pangman	Pangman	Game	Shooter	2022-05-24	$9.99	Global	Neo 3 Link Onboard,PICO 4 Onboard			
descentalps	Descent Alps	Game	Simulation | Racing	2022-05-24	$9.99	Global	Neo 3 Link Onboard,PICO 4 Onboard			
cubism	Cubism	Game	Puzzle	2022-05-24	$9.99	Global	Neo 3 Link Onboard,PICO 4 Onboard			
questforrunia	Quest for Runia	Game	Puzzle	2022-05-24	$9.99	Global	Neo 3 Link Onboard,PICO 4 Onboard			
paradiddle	Paradiddle	App	Music | Rhythm | Simulation	2022-05-24	$9.99	Global	Neo 3 Link Onboard,PICO 4 Onboard			
touringkarts	Touring Karts	Game	Social | Racing	2022-05-24	$9.99	Global	Neo 3 Link Onboard,PICO 4 Onboard			
deathlap	DeathLap	Game	Shooter | Social | Racing	2022-05-24	$10.00	Global	Neo 3 Link Onboard,PICO 4 Onboard			
operationwarcade	Operation Warcade	Game	Shooter	2022-05-24	$12.99	Global	Neo 3 Link Onboard,PICO 4 Onboard			
thesecretofretropolis	The Secret of Retropolis	Game	Adventure	2022-05-24	$12.99	Global	Neo 3 Link Onboard,PICO 4 Onboard			
jentrix	Jentrix	Game	Puzzle	2022-05-24	$14.99	Global	Neo 3 Link Onboard,PICO 4 Onboard			
puzzlingplaces	Puzzling Places	Game	Puzzle	2022-05-24	$14.99	Global	Neo 3 Link Onboard,PICO 4 Onboard			
afishermanstale	A Fisherman's Tale	Game	Adventure	2022-05-24	$14.99	Global	Neo 3 Link Onboard,PICO 4 Onboard			
cosmodread	Cosmodread	Game	Adventure | RPG	2022-05-24	$14.99	Global	Neo 3 Link Onboard,PICO 4 Onboard			
angrybirdsvrisleofpigs	Angry Birds VR:  Isle of Pigs	Game	Puzzle	2022-05-24	$14.99	Global	Neo 3 Link Onboard,PICO 4 Onboard			
endspace	End Space	Game	Shooter	2022-05-24	$14.99	Global	Neo 3 Link Onboard,PICO 4 Onboard			
yupitergrad	Yupitergrad	Game	Adventure	2022-05-24	$14.99	Global	Neo 3 Link Onboard,PICO 4 Onboard			
justhoops	JUST HOOPS	Game	Fitness	2022-05-24	$14.99	Global	Neo 3 Link Onboard,PICO 4 Onboard			
deisim	Deisim	Game	Puzzle	2022-05-24	$14.99	Global	Neo 3 Link Onboard,PICO 4 Onboard			
racketnx	Racket: Nx	Game	Fitness	2022-05-24	$19.99	Global	Neo 3 Link Onboard,PICO 4 Onboard			
crisisbrigadereloaded	Crisis Brigade 2 reloaded	Game	Shooter	2022-05-24	$19.99	Global	Neo 3 Link Onboard,PICO 4 Onboard			
multibrush	MultiBrush	App	Puzzle	2022-05-24	$19.99	Global	Neo 3 Link Onboard,PICO 4 Onboard			
hyperdashint	Hyper Dash INT	Game	Shooter	2022-05-24	$19.99	Global	Neo 3 Link Onboard,PICO 4 Onboard			
allinonesportsvrglobal	All-In-One Sports VR : Global	Game	Sports | Fitness | Puzzle	2022-05-24	$19.99	Global	Neo 3 Link Onboard,PICO 4 Onboard			
elvenassassin	Elven Assassin	Game	Shooter	2022-05-24	$19.99	Global	Neo 3 Link Onboard,PICO 4 Onboard			
eleventabletennis	Eleven Table Tennis	Game	Sports | Fitness | Simulation	2022-05-24	$29.99	Global	Neo 3 Link Onboard,PICO 4 Onboard			
warplaneswwfightersint	Warplanes: WW1 Fighters INT	Game	Shooter | Simulation	2022-05-24	$19.99	Global	Neo 3 Link Onboard,PICO 4 Onboard			
resist	Resist	Game	Shooter | RPG	2022-05-24	$19.99	Global	Neo 3 Link Onboard,PICO 4 Onboard			
hitstream	Hitstream	Game	Fitness	2022-05-24	$19.99	Global	Neo 3 Link Onboard,PICO 4 Onboard			
xfitness	X-Fitness	Game	Fitness	2022-05-24	$19.99	Global	Neo 3 Link Onboard,PICO 4 Onboard			
zombielandvrheadshotfever	Zombieland VR: Headshot Fever	Game	Shooter	2022-05-24	$19.99	Global	Neo 3 Link Onboard,PICO 4 Onboard			
deathhorizonreloaded	Death Horizon: Reloaded	Game	Shooter	2022-05-24	$19.99	Global	Neo 3 Link Onboard,PICO 4 Onboard			
cloudlands	Cloudlands 2	Game	Fitness	2022-05-24	$19.99	Global	Neo 3 Link Onboard,PICO 4 Onboard			
windwind	Wind Wind	Game	Puzzle	2022-05-24	$19.99	Global	Neo 3 Link Onboard,PICO 4 Onboard			
prisonbossvr	Prison Boss VR	Game	Adventure	2022-05-24	$19.99	Global	Neo 3 Link Onboard,PICO 4 Onboard			
mannyboxingvrglobal	Manny Boxing VR : Global	Game	Action | Fighting	2022-05-24	$19.99	Global	Neo 3 Link Onboard,PICO 4 Onboard			
bartendervrsimulator	Bartender VR Simulator	Game	Puzzle | Simulation	2022-05-24	$19.99	Global	Neo 3 Link Onboard,PICO 4 Onboard			
pixelripped	Pixel Ripped 1995	Game	Adventure | RPG	2022-05-24	$19.99	No Korea	Neo 3 Link Onboard,PICO 4 Onboard			
horrorbarvr	Horror Bar VR	Game	Simulation	2022-05-24	$19.99	Global	Neo 3 Link Onboard,PICO 4 Onboard			
powerbeatsvr	PowerBeatsVR	Game	Fitness	2022-05-24	$22.99	Global	Neo 3 Link Onboard,PICO 4 Onboard			
superhotvr	SUPERHOT VR	Game	Puzzle | Action | Fighting	2022-05-24	$24.99	Global	Neo 3 Link Onboard,PICO 4 Onboard			
swarm	SWARM	Game	Shooter	2022-05-24	$24.99	Global	Neo 3 Link Onboard,PICO 4 Onboard			
redmatter	Red Matter	Game	Adventure	2022-05-24	$24.99	Global	Neo 3 Link Onboard,PICO 4 Onboard			
zerocaliberreloaded	Zero Caliber: Reloaded	Game	Shooter	2022-05-24	$24.99	Global	Neo 3 Link Onboard,PICO 4 Onboard			
ragnarock	Ragnarock	Game	Music | Rhythm	2022-05-24	$24.99	Global	Neo 3 Link Onboard,PICO 4 Onboard			
theexorcistlegionvr	The Exorcist: Legion VR	Game	Shooter	2022-05-24	$24.99	No Korea	Neo 3 Link Onboard,PICO 4 Onboard			
tribexr|djinvr	Tribe XR | DJ in VR	Game	Music | Rhythm | Simulation	2022-05-24	$29.99	Global	Neo 3 Link Onboard,PICO 4 Onboard			
indeathunchained	In Death: Unchained	Game	Shooter | Adventure	2022-05-24	$29.99	Global	Neo 3 Link Onboard,PICO 4 Onboard			
larcenautsint	Larcenauts Int	Game	Shooter | RPG	2022-05-24	$29.99	Global	Neo 3 Link Onboard,PICO 4 Onboard			
demeoglobal	Demeo Global	Game	Social | RPG	2022-05-24	$29.99	Global	Neo 3 Link Onboard,PICO 4 Onboard			
sammaxthistimeitsvirtual	Sam & Max: This Time It's Virtual!	Game	Puzzle | Adventure	2022-05-24	$29.99	Global	Neo 3 Link Onboard,PICO 4 Onboard			
dragonfistvrkungfu	Dragon Fist: VR Kung Fu	Game	Action | Fighting	2022-05-24	$29.99	Global	Neo 3 Link Onboard,PICO 4 Onboard			
afterthefall®	After the Fall®	Game	Shooter	2022-05-24	$39.99	Global	Neo 3 Link Onboard,PICO 4 Onboard			
arizonasunshine®	Arizona Sunshine®	Game	Shooter	2022-05-24	$39.99	Global	Neo 3 Link Onboard,PICO 4 Onboard			
altdeusbeyondchronos	ALTDEUS: Beyond Chronos	Game	Adventure | RPG	2022-05-24	$39.99	Global	Neo 3 Link Onboard,PICO 4 Onboard			
operationwolfreturnsfirstmissionvr	Operation Wolf Returns: First Mission VR	Game	Action | Shooter	2023-07-20	$24.99	Neo 3 Link On shelf,PICO 4 On shelf	Global			
boxtothebeatvrdemo	Box To The Beat VR Demo	Game	Music | Sports | Casual	2023-07-28	$0.00	Neo 3 Link On shelf,PICO 4 On shelf	Global			
espire	Espire 2	Game	Shooter | Sci-Fi | Action	2023-07-20	£21.99	Global	PICO 4 Onboard			
gravityleague	Gravity League	Game	Sports	2023-07-26	£0.00	Global	PICO 4 Onboard			
projectterminusvr	Project Terminus VR	Game	Horror | Adventure | Casual	2023-07-13	£14.99	Global	PICO 4 Onboard			
aimtropolis	Aimtropolis	Game	Shooter | Action | Casual	2023-07-13	£13.49	Global	PICO 4 Onboard			
pressurewasher	Pressure Washer	Game	Simulation | Relaxation | Casual	2023-07-10	£7.99	Global	PICO 4 Onboard			
jobsimulator	Job Simulator	Game	Simulation | Action | Adventure	2023-07-27	$19.99	Global	PICO 4 Onboard			
moonvrvideoplayer	Moon VR Video Player	App	Other	2023-07-27	$9.99	Global	PICO 4 Onboard			
dyschronia	DYSCHRONIA	Game	Action | Puzzle | Sci-Fi	2023-07-27	$19.99	Global	PICO 4 Onboard			
vacationsimulator	Vacation Simulator	Game	Simulation | Action | Adventure	2023-07-27	$29.99	Global	PICO 4 Onboard			
grab	GRAB	Game	Sports | Explore | Social	2023-07-27	$0.00	Global	PICO 4 Onboard			
realgostopvr	Real Go Stop VR	Game	Sports | Casual | Simulation	2023-08-03	£0.00	Global	PICO 4 Onboard			
shuttlemaze	Shuttle Maze	Game	Puzzle | Action	2023-08-03	£8.99	Global	PICO 4 Onboard			
shootingstarvr	SHOOTING STAR VR	Game	Shooter | Action | Sports	2023-07-14	$14.99	Neo 3 Link On shelf,PICO 4 On shelf	Global			
sandandhand	Sand and Hand	Game	Education | Relaxation | Simulation	2023-07-13	$16.99	Neo 3 Link On shelf,PICO 4 On shelf	Global			
mobiusacycleofnightmares	Mobius: a cycle of nightmares	App	Video | Horror	2022-05-18	$0.99	Japan	Neo 3 Link On shelf,PICO 4 On shelf			
meetinvr	MeetinVR	App	Education | Simulation | Social	2022-10-18	$0.00	Global	Neo 3 Link On shelf			
engage	ENGAGE	App	Education | Social | Explore	2023-08-03	$0.00	Global	Neo 3 Link On shelf			
vikingdays	Viking Days	Game	Action | Adventure | Simulation	2023-02-10	$3.99	Global	Neo 3 Link On shelf			
axegendvr	Axegend VR	Game	Action | Strategy | RPG	2023-01-20	$5.99	Global	Neo 3 Link On shelf			
chessclub	Chess Club	Game	Strategy | Social | Sports	2023-07-16	$14.99	Global	Neo 3 Link On shelf			
thewalkingdeadsaintssinners	The Walking Dead: Saints & Sinners	Game	Action | Adventure | Horror	2023-05-10	$39.99	Global	Neo 3 Link On shelf,PICO 4 On shelf			
gadgeteer	Gadgeteer	Game	Casual | Education | Puzzle	2023-02-24	$14.99	Global	Neo 3 Link On shelf			
rampage	Rampage	Game	Action | Shooter | Adventure 	2023-05-18	$19.99	Global	Neo 3 Link On shelf,PICO 4 On shelf			
cookout	Cook-Out	Game	Social | Casual	2023-07-12	$19.99	Global	Neo 3 Link On shelf,PICO 4 On shelf			
xfighter	X-Fighter	Game	Sports | Music | Action	2023-06-27	$19.99	Global	Neo 3 Link On shelf,PICO 4 On shelf			
crimen	Crimen	Game	Action | Adventure	2023-07-12	$14.99	Global	Neo 3 Link On shelf,PICO 4 On shelf			
everslaughtinvasion	EVERSLAUGHT INVASION	Game	Action | Shooter	2023-07-25	$24.99	Global	Neo 3 Link On shelf,PICO 4 On shelf			
yupitergrad	YUPITERGRAD 2	Game	Action | Shooter | Adventure	2023-07-07	$24.99	Global	Neo 3 Link On shelf,PICO 4 On shelf			
orkanaconflict	Orkana Conflict	Game	Strategy | Action | Simulator	2023-05-25	$10.99	Global	Neo 3 Link On shelf,PICO 4 On shelf			
ollypowerplay	Olly Power Play	Game	Sports | Casual	2023-05-25	$0.00	Global	PICO 4 On shelf			
tableparty	Table Party	Game	Puzzle | Social | Casual	2023-06-16	$24.99	Global	Neo 3 Link On shelf,PICO 4 On shelf			
holofit	HOLOFIT	App	Sports | Racing | Explore	2023-07-07	$0.00	Global	PICO 4 On shelf			
windlands	Windlands 2	Game	Action | Adventure | Social	2023-07-12	$24.99	Global	Neo 3 Link On shelf,PICO 4 On shelf			
farmingtractor	farming tractor	Game	Simulation | Adventure	2023-06-01	$7.99	Global	Neo 3 Link On shelf,PICO 4 On shelf			
beat	Beat	App	Video	2023-06-01	$1.99	Global	Neo 3 Link On shelf,PICO 4 On shelf			
quantaar	Quantaar	Game	Action | Social	2023-07-13	$0.00	Global	Neo 3 Link On shelf,PICO 4 On shelf			
mixture	Mixture	Game	Action | Adventure	2023-06-08	$24.99	Global	Neo 3 Link On shelf,PICO 4 On shelf			
thelastclockwinder	the Last Clockwinder	Game	Action | Adventure | Simulation	2023-06-15	$24.99	Global	Neo 3 Link On shelf,PICO 4 On shelf			
sail	SAIL	Game	Action | Adventure | Explore	2023-07-06	$14.99	Global	Neo 3 Link On shelf,PICO 4 On shelf			
shavestuff	Shave&Stuff	Game	Action | Casual	2023-06-16	$14.99	Global	Neo 3 Link On shelf,PICO 4 On shelf			
divineduel	Divine Duel	Game	Action | Sports | Training	2023-07-21	$0.00	Global	Neo 3 Link On shelf,PICO 4 On shelf			 
guardians	Guardians	Game	Shooter | Strategy | Sci-Fi	2023-07-28	$14.99	Global	Neo 3 Link On shelf,PICO 4 On shelf			
kartoffl	Kartoffl	Game	Action | Adventure | Puzzle	2023-06-15	$14.99	Global	Neo 3 Link On shelf,PICO 4 On shelf			
lavrynthos	Lavrynthos	App	Video | Adventure | Puzzle	2023-07-23	$4.99	Global	Neo 3 Link On shelf,PICO 4 On shelf			
vrskater	VR Skater	Game	Action | Sports | Simulator	2023-06-23	$24.99	Global	Neo 3 Link On shelf,PICO 4 On shelf			
crashland	CRASHLAND	Game	Action | Sci-Fi | Horror	2023-06-22	$18.99	Global	Neo 3 Link On shelf,PICO 4 On shelf			
galaxykart	Galaxy Kart	Game	Racing | Action	2023-07-11	$19.99	Global	Neo 3 Link On shelf,PICO 4 On shelf			
simpleplanesvr	SimplePlanes VR	Game	Simulation | Action | Racing	2023-06-22	$9.99	Global	Neo 3 Link On shelf,PICO 4 On shelf			
darkswordbattleeternity	Darksword: Battle Eternity	Game	Action | RPG	2023-07-27	$24.99	Global	Neo 3 Link On shelf,PICO 4 On shelf			
biolum	Biolum	App	Explore | RPG | Adventure	2023-06-29	$7.99	Global	Neo 3 Link On shelf,PICO 4 On shelf			
blackholepool	Black Hole Pool	Game	Sports | Social | Simulation	2023-07-06	$19.99	Global	Neo 3 Link On shelf,PICO 4 On shelf			
blinnkandthevacuumofspace	BLINNK and the Vacuum of Space	App	Adventure | Simulation | Casual	2023-06-29	$24.99	Global	Neo 3 Link On shelf,PICO 4 On shelf			
rivalrides	Rival Rides	Game	Action | Social | Casual	2023-06-29	$9.99	Global	Neo 3 Link On shelf,PICO 4 On shelf			
vetrixworlds	Vetrix Worlds	Game	Puzzle | Casual	2023-07-12	$14.99	Global	Neo 3 Link On shelf,PICO 4 On shelf			
blackice	Black Ice	App	Video | Adventure | RPG	2023-07-06	$4.99	Global	Neo 3 Link On shelf,PICO 4 On shelf			
homeafterwar	Home After War	App	Video | Education	2023-07-06	$1.99	Global	Neo 3 Link On shelf,PICO 4 On shelf			
thekey	The Key	App	Video | Relaxation | Explore	2023-07-06	$0.00	Global	Neo 3 Link On shelf,PICO 4 On shelf			
gravityvr	Gravity VR	App	Video | Explore	2023-07-06	$2.99	Global	Neo 3 Link On shelf,PICO 4 On shelf			
onethemorningyouwake	One the Morning you Wake	App	Video | Adventure | Education	2023-07-06	$4.99	Global	Neo 3 Link On shelf,PICO 4 On shelf			
wings	Wings 1941	Game	Action | Shooter	2023-07-06	$12.99	Global	Neo 3 Link On shelf,PICO 4 On shelf			
dreamland	Dreamland	Game	Social | Shooter | Casual	2023-08-10	£0.00	Global	PICO 4 Onboard			
acronattackofthesquirrel	Acron: Attack of the Squirrel	Game	Action | Social	2023-08-10	£14.99	Global	PICO 4 Onboard			
historyofapaintingwhatsthepoint	History of a painting: Whats the point	App	Video | Explore | Education	2023-08-10	£4.49	Global	PICO 4 Onboard			
showdown	Showdown	Game	Shooter | Social | Sports	2023-08-17	£10.99	Global	PICO 4 Onboard			
drunknbarfight	Drunkn Bar Fight	Game	Action | Casual	2023-08-17	£13.49	Global	PICO 4 Onboard			
apexconstruct	Apex Construct	Game	Action	2023-08-24	£4.99	Global	PICO 4 Onboard			
dominocraft	Domino Craft	Game	Relaxation | Casual	2023-08-24	£2.99	Global	PICO 4 Onboard			
boxtothebeatvr	Box To The Beat VR	Game	Music | Sports | Casual	2023-08-24	£14.99	Global	PICO 4 Onboard			
thescreamvr	The Scream VR	App	Video | Explore	2023-08-24	£2.99	Global	PICO 4 Onboard			
dreaminzone	Dreamin Zone	App	Video | Casual | Relaxation	2023-08-24	£4.99	Global	PICO 4 Onboard			
bounceshot	Bounce Shot	Game	Sports | Social | Casual	2023-08-24	£7.99	Global	PICO 4 Onboard			
mediaplayervr	360MediaplayerVR	App	Education | Training | Pico Labs	2023-08-10	$0.00	Global	PICO 4 Onboard			
universal	Universal	App	Education | Pico Labs	2023-08-22	$0.00	Global	PICO 4 Onboard			
savannaxr	SavannaXR	App	Music | Casual | Action | Pico Labs	2023-08-29	$0.00	Global	PICO 4 Onboard			
smashthesynth	Smash The Synth	Game	Music | Casual | Action | Pico Labs	2023-07-20	$0.00	Global	PICO 4 Onboard			
plutosphere	PlutoSphere	App	Tool | Cloud Gaming | Pico Labs	2023-08-15	$0.00	Global	PICO 4 Onboard			
aurora	Aurora 	Game	Casual | Pico Labs	2023-08-15	$0.00	Global	PICO 4 Onboard			
octonic	Octonic 	Game	Explore | Video | Sports | Pico Labs	2023-08-15	$0.00	Global	PICO 4 Onboard			
xspacesvr	xSpacesVR	App	Education | Pico Labs	2023-08-03	$0.00	Global	PICO 4 Onboard			
tynmospace	Tynmo Space	App	Education | Social | Casual | Pico Labs	2023-07-20	$0.00	Global	PICO 4 Onboard			
countingcavechapter	Counting Cave Chapter 2	Game	Education | Puzzle | Cartoon | Pico Labs	2023-07-20	$0.00	Global	PICO 4 Onboard			
cannonbowl	Cannon Bowl	Game	Education | Sci-Fi | Pico Labs	2023-07-20	$0.00	Global	PICO 4 Onboard			
zoohomedemo	Zoo Home Demo	Game	Education | Relaxation | Casual | Pico Labs	2023-08-22	$0.00	Global	PICO 4 Onboard			
gallerysmash	Gallery Smash	Game	Education | Relaxation | Casual | Pico Labs	2023-07-20	$0.00	Global	PICO 4 Onboard			
thesumurai	The Sumurai	Game	Education | Sci-Fi | Space | Pico Labs	2023-07-20	$0.00	Global	PICO 4 Onboard			
freemysight	Free My Sight	App	Relaxation | Healthcare | Wellness | Pico Labs	2023-07-20	$0.00	Global	PICO 4 Onboard			
countingcavechapter	Counting Cave Chapter 1	Game	Education | Puzzle | Cartoon | Pico Labs	2023-07-20	$0.00	Global	PICO 4 Onboard			
mathsketball	Mathsketball	Game	Sports | Education	2023-07-20	$0.00	Global	PICO 4 Onboard			
warofwizards	War of Wizards	Game	Action | Strategy | RPG	2023-08-31	£14.99	Global	PICO 4 Onboard			
fireescape	Fire Escape	Game	Strategy | Adventure | Action	2023-09-07	£7.99	Global	PICO 4 Onboard			
containmentinitiativerecon	Containment Initiative Recon	Game	Shooting | Action | Horror	2023-09-07	£5.99	Global	PICO 4 Onboard			
mrbearsbizarreadventure	Mr Bears Bizarre Adventure	Game	Music | Casual | Sports	2023-09-07	£10.99	Global	PICO 4 Onboard			
swordsmanvr	Swordsman VR	Game	Action | RPG	2023-09-14	£14.99	Global	PICO 4 Onboard			
gazzlers	Gazzlers	Game	Shooter | Sci-Fi	2023-09-14	£9.99	Global	PICO 4 Onboard			
ultimateairhockeyvr	Ultimate Air Hockey VR	Game	Casual | Relaxation | Sports	2023-09-14	£9.99	Global	PICO 4 Onboard			
organquarter	Organ Quarter	Game	Adventure | Horror	2023-09-14	£13.49	Global	PICO 4 Onboard			
cloudmindtour	Cloud Mind Tour	App	Medical | Health | Relaxation | Casual	2023-09-14	£14.99	Global	PICO 4 Onboard			
fightingcop	Fighting Cop	Game	Shooter	2023-09-14	£13.49	Global	PICO 4 Onboard			
airhockeyvr	Air Hockey VR	Game	Sports | Casual | Pico Labs	2023-09-14	£0.00	Global	PICO 4 Onboard			
zcmescapebeta	ZCM Escape Beta	Game	Horror | Explore | Puzzle | Pico Labs	2023-09-14	£0.00	Global	PICO 4 Onboard			
zosuoceandemo	ZOSU Ocean Demo	Game	Explore | Casual | Education | Pico Labs	2023-09-14	£0.00	Global	PICO 4 Onboard			
sophiadigitalcampus	Sophia Digital Campus	App	Education | Social | Pico Labs	2023-09-14	£0.00	Global	PICO 4 Onboard			
compound	Compound	Game	Shooter | Action 	2023-09-21	£14.99	Global	PICO 4 Onboard			
mindcamping	Mind Camping	App	Relaxation | Casual | Simulation	2023-09-21	£4.99	Global	PICO 4 Onboard			
magicstoneguardians	Magic Stone Guardians	Game	Strategy | Shooter | Simulation	2023-09-21	£10.99	Global	PICO 4 Onboard			
remiolab	Remio Lab	Game	Adventure | Action | Social | Pico Labs	2023-09-21	£0.00	Global	PICO 4 Onboard			
mysticbrush	Mystic Brush 	Game	Casual | Relaxation | Adventure | Pico Labs	2023-09-21	£0.00	Global	PICO 4 Onboard			
themasterclub	The Master Club	Game	Social | Casual | Sports | Pico Labs	2023-09-21	£0.00	Global	PICO 4 Onboard			
dragongame	Dragon Game	Game	Training | Sports | Action | Pico Labs	2023-09-21	£0.00	Global	PICO 4 Onboard			
xvrvideoplayer	4XVR Video Player	App	Video | Productivity | Entertainment	2023-09-28	£21.99	Global	PICO 4 Onboard			
journeytotheeast	Journey to the East	Game	Explore | Puzzle | RPG	2023-09-28	£6.99	Global	PICO 4 Onboard			
niftonsarena	Niftons Arena	Game	Strategy | Social | Puzzle	2023-09-28	£0.00	Global	PICO 4 Onboard			
happydrummer	Happy Drummer	Game	Music | Relaxation | Cartoon	2023-09-28	£2.99	Global	PICO 4 Onboard			
tripp	Tripp	Game	Relaxation | Entertainment | Explore	2023-09-28	£0.00	Global	PICO 4 Onboard			
migrainevisualaurasimulator	Migraine Visual Aura Simulator	App	Medical | Health | App Labs	2023-09-28	£0.00	Global	PICO 4 Onboard			
fivenightsnoescape	Five Nights: No Escape	Game	Horror | Puzzle | Adventure	2023-09-27	£7.99	Global	PICO 4 Onboard			
hubris	Hubris	Game	Action | Adventure | Shooter	2023-10-05	£21.99	Global	PICO 4 Onboard			
dearsanta	Dear Santa	Game	Casual | Explore | Puzzle	2023-10-05	£7.99	Global	PICO 4 Onboard			